一,一
乙,乙
二,二
十,十
丁,丁
厂,廠
七,七
卜,蔔
人,人
入,入
八,八
九,九
几,幾
儿,兒
了,了
力,力
乃,乃
刀,刀
又,又
三,三
于,於
干,幹
亏,虧
士,士
工,工
土,土
才,才
寸,寸
下,下
大,大
丈,丈
与,與
万,萬
上,上
小,小
口,口
巾,巾
山,山
千,千
乞,乞
川,川
亿,億
个,個
勺,勺
久,久
凡,凡
及,及
夕,夕
丸,丸
么,麽
广,廣
亡,亡
门,門
义,義
之,之
尸,屍
弓,弓
己,己
已,已
子,子
卫,衛
也,也
女,女
飞,飛
刃,刃
习,習
叉,叉
马,馬
乡,鄉
丰,豐
王,王
井,井
开,開
夫,夫
天,天
无,無
元,元
专,專
云,雲
扎,紮
艺,藝
木,木
五,五
支,支
厅,廳
不,不
太,太
犬,犬
区,區
历,歷
尤,尤
友,友
匹,匹
车,車
巨,巨
牙,牙
屯,屯
比,比
互,互
切,切
瓦,瓦
止,止
少,少
日,日
中,中
冈,岡
贝,貝
内,內
水,水
见,見
午,午
牛,牛
手,手
毛,毛
气,氣
升,升
长,長
仁,仁
什,什
片,片
仆,仆
化,化
仇,仇
币,幣
仍,仍
仅,僅
斤,斤
爪,爪
反,反
介,介
父,父
从,從
今,今
凶,兇
分,分
乏,乏
公,公
仓,倉
月,月
氏,氏
勿,勿
欠,欠
风,風
丹,丹
匀,勻
乌,烏
凤,鳳
勾,勾
文,文
六,六
方,方
火,火
为,為
斗,鬥
忆,憶
订,訂
计,計
户,戶
认,認
心,心
尺,尺
引,引
丑,醜
巴,巴
孔,孔
队,隊
办,辦
以,以
允,允
予,予
劝,勸
双,雙
书,書
幻,幻
玉,玉
刊,刊
示,示
末,末
未,未
击,擊
打,打
巧,巧
正,正
扑,撲
扒,扒
功,功
扔,扔
去,去
甘,甘
世,世
古,古
节,節
本,本
术,術
可,可
丙,丙
左,左
厉,厲
右,右
石,石
布,布
龙,龍
平,平
灭,滅
轧,軋
东,東
卡,卡
北,北
占,占
业,業
旧,舊
帅,帥
归,歸
且,且
旦,旦
目,目
叶,葉
甲,甲
申,申
叮,叮
电,電
号,號
田,田
由,由
史,史
只,只
央,央
兄,兄
叼,叼
叫,叫
另,另
叨,叨
叹,嘆
四,四
生,生
失,失
禾,禾
丘,丘
付,付
仗,仗
代,代
仙,仙
们,們
仪,儀
白,白
仔,仔
他,他
斥,斥
瓜,瓜
乎,乎
丛,叢
令,令
用,用
甩,甩
印,印
乐,樂
句,句
匆,匆
册,冊
犯,犯
外,外
处,處
冬,冬
鸟,鳥
务,務
包,包
饥,饑
主,主
市,市
立,立
闪,閃
兰,蘭
半,半
汁,汁
汇,匯
头,頭
汉,漢
宁,寧
穴,穴
它,它
讨,討
写,寫
让,讓
礼,禮
训,訓
必,必
议,議
讯,訊
记,記
永,永
司,司
尼,尼
民,民
出,出
辽,遼
奶,奶
奴,奴
加,加
召,召
皮,皮
边,邊
发,發
孕,孕
圣,聖
对,對
台,臺
矛,矛
纠,糾
母,母
幼,幼
丝,絲
式,式
刑,刑
动,動
扛,扛
寺,寺
吉,吉
扣,扣
考,考
托,托
老,老
执,執
巩,鞏
圾,圾
扩,擴
扫,掃
地,地
扬,揚
场,場
耳,耳
共,共
芒,芒
亚,亞
芝,芝
朽,朽
朴,樸
机,機
权,權
过,過
臣,臣
再,再
协,協
西,西
压,壓
厌,厭
在,在
有,有
百,百
存,存
而,而
页,頁
匠,匠
夸,誇
夺,奪
灰,灰
达,達
列,列
死,死
成,成
夹,夾
轨,軌
邪,邪
划,劃
迈,邁
毕,畢
至,至
此,此
贞,貞
师,師
尘,塵
尖,尖
劣,劣
光,光
当,當
早,早
吐,吐
吓,嚇
虫,蟲
曲,曲
团,團
同,同
吊,吊
吃,吃
因,因
吸,吸
吗,嗎
屿,嶼
帆,帆
岁,歲
回,回
岂,豈
刚,剛
则,則
肉,肉
网,網
年,年
朱,朱
先,先
丢,丟
舌,舌
竹,竹
迁,遷
乔,喬
伟,偉
传,傳
乒,乒
乓,乓
休,休
伍,伍
伏,伏
优,優
伐,伐
延,延
件,件
任,任
伤,傷
价,價
份,份
华,華
仰,仰
仿,仿
伙,夥
伪,偽
自,自
血,血
向,向
似,似
后,後
行,行
舟,舟
全,全
会,會
杀,殺
合,合
兆,兆
企,企
众,眾
爷,爺
伞,傘
创,創
肌,肌
朵,朵
杂,雜
危,危
旬,旬
旨,旨
负,負
各,各
名,名
多,多
争,爭
色,色
壮,壯
冲,沖
冰,冰
庄,莊
庆,慶
亦,亦
刘,劉
齐,齊
交,交
次,次
衣,衣
产,產
决,決
充,充
妄,妄
闭,閉
问,問
闯,闖
羊,羊
并,並
关,關
米,米
灯,燈
州,州
汗,汗
污,汙
江,江
池,池
汤,湯
忙,忙
兴,興
宇,宇
守,守
宅,宅
字,字
安,安
讲,講
军,軍
许,許
论,論
农,農
讽,諷
设,設
访,訪
寻,尋
那,那
迅,迅
尽,盡
导,導
异,異
孙,孫
阵,陣
阳,陽
收,收
阶,階
阴,陰
防,防
奸,奸
如,如
妇,婦
好,好
她,她
妈,媽
戏,戲
羽,羽
观,觀
欢,歡
买,買
红,紅
纤,纖
级,級
约,約
纪,紀
驰,馳
巡,巡
寿,壽
弄,弄
麦,麥
形,形
进,進
戒,戒
吞,吞
远,遠
违,違
运,運
扶,扶
抚,撫
坛,壇
技,技
坏,壞
扰,擾
拒,拒
找,找
批,批
扯,扯
址,址
走,走
抄,抄
坝,壩
贡,貢
攻,攻
赤,赤
折,折
抓,抓
扮,扮
抢,搶
孝,孝
均,均
抛,拋
投,投
坟,墳
抗,抗
坑,坑
坊,坊
抖,抖
护,護
壳,殼
志,誌
扭,扭
块,塊
声,聲
把,把
报,報
却,卻
劫,劫
芽,芽
花,花
芹,芹
芬,芬
苍,蒼
芳,芳
严,嚴
芦,蘆
劳,勞
克,克
苏,蘇
杆,桿
杠,杠
杜,杜
材,材
村,村
杏,杏
极,極
李,李
杨,楊
求,求
更,更
束,束
豆,豆
两,兩
丽,麗
医,醫
辰,辰
励,勵
否,否
还,還
歼,殲
来,來
连,連
步,步
坚,堅
旱,旱
盯,盯
呈,呈
时,時
吴,吳
助,助
县,縣
里,裏
呆,呆
园,園
旷,曠
围,圍
呀,呀
吨,噸
足,足
邮,郵
男,男
困,困
吵,吵
串,串
员,員
听,聽
吩,吩
吹,吹
呜,嗚
吧,吧
吼,吼
别,別
岗,崗
帐,帳
财,財
针,針
钉,釘
告,告
我,我
乱,亂
利,利
秃,禿
秀,秀
私,私
每,每
兵,兵
估,估
体,體
何,何
但,但
伸,伸
作,作
伯,伯
伶,伶
佣,傭
低,低
你,你
住,住
位,位
伴,伴
身,身
皂,皂
佛,佛
近,近
彻,徹
役,役
返,返
余,余
希,希
坐,坐
谷,谷
妥,妥
含,含
邻,鄰
岔,岔
肝,肝
肚,肚
肠,腸
龟,龜
免,免
狂,狂
犹,猶
角,角
删,刪
条,條
卵,卵
岛,島
迎,迎
饭,飯
饮,飲
系,系
言,言
冻,凍
状,狀
亩,畝
况,況
床,床
库,庫
疗,療
应,應
冷,冷
这,這
序,序
辛,辛
弃,棄
冶,冶
忘,忘
闲,閑
间,間
闷,悶
判,判
灶,竈
灿,燦
弟,弟
汪,汪
沙,沙
汽,汽
沃,沃
泛,泛
沟,溝
没,沒
沈,沈
沉,沈
怀,懷
忧,憂
快,快
完,完
宋,宋
宏,宏
牢,牢
究,究
穷,窮
灾,災
良,良
证,證
启,啟
评,評
补,補
初,初
社,社
识,識
诉,訴
诊,診
词,詞
译,譯
君,君
灵,靈
即,即
层,層
尿,尿
尾,尾
迟,遲
局,局
改,改
张,張
忌,忌
际,際
陆,陸
阿,阿
陈,陳
阻,阻
附,附
妙,妙
妖,妖
妨,妨
努,努
忍,忍
劲,勁
鸡,雞
驱,驅
纯,純
纱,紗
纳,納
纲,綱
驳,駁
纵,縱
纷,紛
纸,紙
纹,紋
纺,紡
驴,驢
纽,紐
奉,奉
玩,玩
环,環
武,武
青,青
责,責
现,現
表,表
规,規
抹,抹
拢,攏
拔,拔
拣,揀
担,擔
坦,坦
押,押
抽,抽
拐,拐
拖,拖
拍,拍
者,者
顶,頂
拆,拆
拥,擁
抵,抵
拘,拘
势,勢
抱,抱
垃,垃
拉,拉
拦,攔
拌,拌
幸,幸
招,招
坡,坡
披,披
拨,撥
择,擇
抬,擡
其,其
取,取
苦,苦
若,若
茂,茂
苹,蘋
苗,苗
英,英
范,範
直,直
茄,茄
茎,莖
茅,茅
林,林
枝,枝
杯,杯
柜,櫃
析,析
板,板
松,松
枪,槍
构,構
杰,傑
述,述
枕,枕
丧,喪
或,或
画,畫
卧,臥
事,事
刺,刺
枣,棗
雨,雨
卖,賣
矿,礦
码,碼
厕,廁
奔,奔
奇,奇
奋,奮
态,態
欧,歐
垄,壟
妻,妻
轰,轟
顷,頃
转,轉
斩,斬
轮,輪
软,軟
到,到
非,非
叔,叔
肯,肯
齿,齒
些,些
虎,虎
虏,虜
肾,腎
贤,賢
尚,尚
旺,旺
具,具
果,果
味,味
昆,昆
国,國
昌,昌
畅,暢
明,明
易,易
昂,昂
典,典
固,固
忠,忠
咐,咐
呼,呼
鸣,鳴
咏,詠
呢,呢
岸,岸
岩,巖
帖,帖
罗,羅
帜,幟
岭,嶺
凯,凱
败,敗
贩,販
购,購
图,圖
钓,釣
制,制
知,知
垂,垂
牧,牧
物,物
乖,乖
刮,刮
秆,稈
和,和
季,季
委,委
佳,佳
侍,侍
供,供
使,使
例,例
版,版
侄,侄
侦,偵
侧,側
凭,憑
侨,僑
佩,佩
货,貨
依,依
的,的
迫,迫
质,質
欣,欣
征,征
往,往
爬,爬
彼,彼
径,徑
所,所
舍,舍
金,金
命,命
斧,斧
爸,爸
采,采
受,受
乳,乳
贪,貪
念,念
贫,貧
肤,膚
肺,肺
肢,肢
肿,腫
胀,脹
朋,朋
股,股
肥,肥
服,服
胁,脅
周,周
昏,昏
鱼,魚
兔,兔
狐,狐
忽,忽
狗,狗
备,備
饰,飾
饱,飽
饲,飼
变,變
京,京
享,享
店,店
夜,夜
庙,廟
府,府
底,底
剂,劑
郊,郊
废,廢
净,凈
盲,盲
放,放
刻,刻
育,育
闸,閘
闹,鬧
郑,鄭
券,券
卷,卷
单,單
炒,炒
炊,炊
炕,炕
炎,炎
炉,爐
沫,沫
浅,淺
法,法
泄,泄
河,河
沾,沾
泪,淚
油,油
泊,泊
沿,沿
泡,泡
注,註
泻,瀉
泳,泳
泥,泥
沸,沸
波,波
泼,潑
泽,澤
治,治
怖,怖
性,性
怕,怕
怜,憐
怪,怪
学,學
宝,寶
宗,宗
定,定
宜,宜
审,審
宙,宙
官,官
空,空
帘,簾
实,實
试,試
郎,郎
诗,詩
肩,肩
房,房
诚,誠
衬,襯
衫,衫
视,視
话,話
诞,誕
询,詢
该,該
详,詳
建,建
肃,肅
录,錄
隶,隸
居,居
届,屆
刷,刷
屈,屈
弦,弦
承,承
孟,孟
孤,孤
陕,陜
降,降
限,限
妹,妹
姑,姑
姐,姐
姓,姓
始,始
驾,駕
参,參
艰,艱
线,線
练,練
组,組
细,細
驶,駛
织,織
终,終
驻,駐
驼,駝
绍,紹
经,經
贯,貫
奏,奏
春,春
帮,幫
珍,珍
玻,玻
毒,毒
型,型
挂,掛
封,封
持,持
项,項
垮,垮
挎,挎
城,城
挠,撓
政,政
赴,赴
赵,趙
挡,擋
挺,挺
括,括
拴,拴
拾,拾
挑,挑
指,指
垫,墊
挣,掙
挤,擠
拼,拼
挖,挖
按,按
挥,揮
挪,挪
某,某
甚,甚
革,革
荐,薦
巷,巷
带,帶
草,草
茧,繭
茶,茶
荒,荒
茫,茫
荡,蕩
荣,榮
故,故
胡,胡
南,南
药,藥
标,標
枯,枯
柄,柄
栋,棟
相,相
查,查
柏,柏
柳,柳
柱,柱
柿,柿
栏,欄
树,樹
要,要
咸,鹹
威,威
歪,歪
研,研
砖,磚
厘,厘
厚,厚
砌,砌
砍,砍
面,面
耐,耐
耍,耍
牵,牽
残,殘
殃,殃
轻,輕
鸦,鴉
皆,皆
背,背
战,戰
点,點
临,臨
览,覽
竖,豎
省,省
削,削
尝,嘗
是,是
盼,盼
眨,眨
哄,哄
显,顯
哑,啞
冒,冒
映,映
星,星
昨,昨
畏,畏
趴,趴
胃,胃
贵,貴
界,界
虹,虹
虾,蝦
蚁,蟻
思,思
蚂,螞
虽,雖
品,品
咽,咽
骂,罵
哗,嘩
咱,咱
响,響
哈,哈
咬,咬
咳,咳
哪,哪
炭,炭
峡,峽
罚,罰
贱,賤
贴,貼
骨,骨
钞,鈔
钟,鐘
钢,鋼
钥,鑰
钩,鉤
卸,卸
缸,缸
拜,拜
看,看
矩,矩
怎,怎
牲,牲
选,選
适,適
秒,秒
香,香
种,種
秋,秋
科,科
重,重
复,復
竿,竿
段,段
便,便
俩,倆
贷,貸
顺,順
修,修
保,保
促,促
侮,侮
俭,儉
俗,俗
俘,俘
信,信
皇,皇
泉,泉
鬼,鬼
侵,侵
追,追
俊,俊
盾,盾
待,待
律,律
很,很
须,須
叙,敘
剑,劍
逃,逃
食,食
盆,盆
胆,膽
胜,勝
胞,胞
胖,胖
脉,脈
勉,勉
狭,狹
狮,獅
独,獨
狡,狡
狱,獄
狠,狠
贸,貿
怨,怨
急,急
饶,饒
蚀,蝕
饺,餃
饼,餅
弯,彎
将,將
奖,獎
哀,哀
亭,亭
亮,亮
度,度
迹,跡
庭,庭
疮,瘡
疯,瘋
疫,疫
疤,疤
姿,姿
亲,親
音,音
帝,帝
施,施
闻,聞
阀,閥
阁,閣
差,差
养,養
美,美
姜,姜
叛,叛
送,送
类,類
迷,迷
前,前
首,首
逆,逆
总,總
炼,煉
炸,炸
炮,炮
烂,爛
剃,剃
洁,潔
洪,洪
洒,灑
浇,澆
浊,濁
洞,洞
测,測
洗,洗
活,活
派,派
洽,洽
染,染
济,濟
洋,洋
洲,洲
浑,渾
浓,濃
津,津
恒,恒
恢,恢
恰,恰
恼,惱
恨,恨
举,舉
觉,覺
宣,宣
室,室
宫,宮
宪,憲
突,突
穿,穿
窃,竊
客,客
冠,冠
语,語
扁,扁
袄,襖
祖,祖
神,神
祝,祝
误,誤
诱,誘
说,說
诵,誦
垦,墾
退,退
既,既
屋,屋
昼,晝
费,費
陡,陡
眉,眉
孩,孩
除,除
险,險
院,院
娃,娃
姥,姥
姨,姨
姻,姻
娇,嬌
怒,怒
架,架
贺,賀
盈,盈
勇,勇
怠,怠
柔,柔
垒,壘
绑,綁
绒,絨
结,結
绕,繞
骄,驕
绘,繪
给,給
络,絡
骆,駱
绝,絕
绞,絞
统,統
耕,耕
耗,耗
艳,艷
泰,泰
珠,珠
班,班
素,素
蚕,蠶
顽,頑
盏,盞
匪,匪
捞,撈
栽,栽
捕,捕
振,振
载,載
赶,趕
起,起
盐,鹽
捎,捎
捏,捏
埋,埋
捉,捉
捆,捆
捐,捐
损,損
都,都
哲,哲
逝,逝
捡,撿
换,換
挽,挽
热,熱
恐,恐
壶,壺
挨,挨
耻,恥
耽,耽
恭,恭
莲,蓮
莫,莫
荷,荷
获,獲
晋,晉
恶,惡
真,真
框,框
桂,桂
档,檔
桐,桐
株,株
桥,橋
桃,桃
格,格
校,校
核,核
样,樣
根,根
索,索
哥,哥
速,速
逗,逗
栗,栗
配,配
翅,翅
辱,辱
唇,唇
夏,夏
础,礎
破,破
原,原
套,套
逐,逐
烈,烈
殊,殊
顾,顧
轿,轎
较,較
顿,頓
毙,斃
致,致
柴,柴
桌,桌
虑,慮
监,監
紧,緊
党,黨
晒,曬
眠,眠
晓,曉
鸭,鴨
晃,晃
晌,晌
晕,暈
蚊,蚊
哨,哨
哭,哭
恩,恩
唤,喚
啊,啊
唉,唉
罢,罷
峰,峰
圆,圓
贼,賊
贿,賄
钱,錢
钳,鉗
钻,鉆
铁,鐵
铃,鈴
铅,鉛
缺,缺
氧,氧
特,特
牺,犧
造,造
乘,乘
敌,敵
秤,秤
租,租
积,積
秧,秧
秩,秩
称,稱
秘,秘
透,透
笔,筆
笑,笑
笋,筍
债,債
借,借
值,值
倚,倚
倾,傾
倒,倒
倘,倘
俱,俱
倡,倡
候,候
俯,俯
倍,倍
倦,倦
健,健
臭,臭
射,射
躬,躬
息,息
徒,徒
徐,徐
舰,艦
舱,艙
般,般
航,航
途,途
拿,拿
爹,爹
爱,愛
颂,頌
翁,翁
脆,脆
脂,脂
胸,胸
胳,胳
脏,臟
胶,膠
脑,腦
狸,貍
狼,狼
逢,逢
留,留
皱,皺
饿,餓
恋,戀
桨,槳
浆,漿
衰,衰
高,高
席,席
准,準
座,座
脊,脊
症,癥
病,病
疾,疾
疼,疼
疲,疲
效,效
离,離
唐,唐
资,資
凉,涼
站,站
剖,剖
竞,競
部,部
旁,旁
旅,旅
畜,畜
阅,閱
羞,羞
瓶,瓶
拳,拳
粉,粉
料,料
益,益
兼,兼
烤,烤
烘,烘
烦,煩
烧,燒
烛,燭
烟,煙
递,遞
涛,濤
浙,浙
涝,澇
酒,酒
涉,涉
消,消
浩,浩
海,海
涂,塗
浴,浴
浮,浮
流,流
润,潤
浪,浪
浸,浸
涨,漲
烫,燙
涌,湧
悟,悟
悄,悄
悔,悔
悦,悅
害,害
宽,寬
家,家
宵,宵
宴,宴
宾,賓
窄,窄
容,容
宰,宰
案,案
请,請
朗,朗
诸,諸
读,讀
扇,扇
袜,襪
袖,袖
袍,袍
被,被
祥,祥
课,課
谁,誰
调,調
冤,冤
谅,諒
谈,談
谊,誼
剥,剝
恳,懇
展,展
剧,劇
屑,屑
弱,弱
陵,陵
陶,陶
陷,陷
陪,陪
娱,娛
娘,娘
通,通
能,能
难,難
预,預
桑,桑
绢,絹
绣,繡
验,驗
继,繼
球,球
理,理
捧,捧
堵,堵
描,描
域,域
掩,掩
捷,捷
排,排
掉,掉
堆,堆
推,推
掀,掀
授,授
教,教
掏,掏
掠,掠
培,培
接,接
控,控
探,探
据,據
掘,掘
职,職
基,基
著,著
勒,勒
黄,黃
萌,萌
萝,蘿
菌,菌
菜,菜
萄,萄
菊,菊
萍,萍
菠,菠
营,營
械,械
梦,夢
梢,梢
梅,梅
检,檢
梳,梳
梯,梯
桶,桶
救,救
副,副
票,票
戚,戚
爽,爽
聋,聾
袭,襲
盛,盛
雪,雪
辅,輔
辆,輛
虚,虛
雀,雀
堂,堂
常,常
匙,匙
晨,晨
睁,睜
眯,瞇
眼,眼
悬,懸
野,野
啦,啦
晚,晚
啄,啄
距,距
跃,躍
略,略
蛇,蛇
累,累
唱,唱
患,患
唯,唯
崖,崖
崭,嶄
崇,崇
圈,圈
铜,銅
铲,鏟
银,銀
甜,甜
梨,梨
犁,犁
移,移
笨,笨
笼,籠
笛,笛
符,符
第,第
敏,敏
做,做
袋,袋
悠,悠
偿,償
偶,偶
偷,偷
您,您
售,售
停,停
偏,偏
假,假
得,得
衔,銜
盘,盤
船,船
斜,斜
盒,盒
鸽,鴿
悉,悉
欲,欲
彩,彩
领,領
脚,腳
脖,脖
脸,臉
脱,脫
象,象
够,夠
猜,猜
猪,豬
猎,獵
猫,貓
猛,猛
馅,餡
馆,館
凑,湊
减,減
毫,毫
麻,麻
痒,癢
痕,痕
廊,廊
康,康
庸,庸
鹿,鹿
盗,盜
章,章
竟,竟
商,商
族,族
旋,旋
望,望
率,率
着,著
盖,蓋
粘,粘
粗,粗
粒,粒
断,斷
剪,剪
兽,獸
清,清
添,添
淋,淋
淹,淹
渠,渠
渐,漸
混,混
渔,漁
淘,淘
液,液
淡,淡
深,深
婆,婆
梁,梁
渗,滲
情,情
惜,惜
惭,慚
悼,悼
惧,懼
惕,惕
惊,驚
惨,慘
惯,慣
寇,寇
寄,寄
宿,宿
窑,窯
密,密
谋,謀
谎,謊
祸,禍
谜,謎
逮,逮
敢,敢
屠,屠
弹,彈
随,隨
蛋,蛋
隆,隆
隐,隱
婚,婚
婶,嬸
颈,頸
绩,績
绪,緒
续,續
骑,騎
绳,繩
维,維
绵,綿
绸,綢
绿,綠
琴,琴
斑,斑
替,替
款,款
堪,堪
搭,搭
塔,塔
越,越
趁,趁
趋,趨
超,超
提,提
堤,堤
博,博
揭,揭
喜,喜
插,插
揪,揪
搜,搜
煮,煮
援,援
裁,裁
搁,擱
搂,摟
搅,攪
握,握
揉,揉
斯,斯
期,期
欺,欺
联,聯
散,散
惹,惹
葬,葬
葛,葛
董,董
葡,葡
敬,敬
葱,蔥
落,落
朝,朝
辜,辜
葵,葵
棒,棒
棋,棋
植,植
森,森
椅,椅
椒,椒
棵,棵
棍,棍
棉,棉
棚,棚
棕,棕
惠,惠
惑,惑
逼,逼
厨,廚
厦,廈
硬,硬
确,確
雁,雁
殖,殖
裂,裂
雄,雄
暂,暫
雅,雅
辈,輩
悲,悲
紫,紫
辉,輝
敞,敞
赏,賞
掌,掌
晴,晴
暑,暑
最,最
量,量
喷,噴
晶,晶
喇,喇
遇,遇
喊,喊
景,景
践,踐
跌,跌
跑,跑
遗,遺
蛙,蛙
蛛,蛛
蜓,蜓
喝,喝
喂,餵
喘,喘
喉,喉
幅,幅
帽,帽
赌,賭
赔,賠
黑,黑
铸,鑄
铺,鋪
链,鏈
销,銷
锁,鎖
锄,鋤
锅,鍋
锈,銹
锋,鋒
锐,銳
短,短
智,智
毯,毯
鹅,鵝
剩,剩
稍,稍
程,程
稀,稀
税,稅
筐,筐
等,等
筑,築
策,策
筛,篩
筒,筒
答,答
筋,筋
筝,箏
傲,傲
傅,傅
牌,牌
堡,堡
集,集
焦,焦
傍,傍
储,儲
奥,奧
街,街
惩,懲
御,禦
循,循
艇,艇
舒,舒
番,番
释,釋
禽,禽
腊,臘
脾,脾
腔,腔
鲁,魯
猾,猾
猴,猴
然,然
馋,饞
装,裝
蛮,蠻
就,就
痛,痛
童,童
阔,闊
善,善
羡,羨
普,普
粪,糞
尊,尊
道,道
曾,曾
焰,焰
港,港
湖,湖
渣,渣
湿,濕
温,溫
渴,渴
滑,滑
湾,灣
渡,渡
游,遊
滋,滋
溉,溉
愤,憤
慌,慌
惰,惰
愧,愧
愉,愉
慨,慨
割,割
寒,寒
富,富
窜,竄
窝,窩
窗,窗
遍,遍
裕,裕
裤,褲
裙,裙
谢,謝
谣,謠
谦,謙
属,屬
屡,屢
强,強
粥,粥
疏,疏
隔,隔
隙,隙
絮,絮
嫂,嫂
登,登
缎,緞
缓,緩
编,編
骗,騙
缘,緣
瑞,瑞
魂,魂
肆,肆
摄,攝
摸,摸
填,填
搏,搏
塌,塌
鼓,鼓
摆,擺
携,攜
搬,搬
摇,搖
搞,搞
塘,塘
摊,攤
蒜,蒜
勤,勤
鹊,鵲
蓝,藍
墓,墓
幕,幕
蓬,蓬
蓄,蓄
蒙,蒙
蒸,蒸
献,獻
禁,禁
楚,楚
想,想
槐,槐
榆,榆
楼,樓
概,概
赖,賴
酬,酬
感,感
碍,礙
碑,碑
碎,碎
碰,碰
碗,碗
碌,碌
雷,雷
零,零
雾,霧
雹,雹
输,輸
督,督
龄,齡
鉴,鑒
睛,睛
睡,睡
睬,睬
鄙,鄙
愚,愚
暖,暖
盟,盟
歇,歇
暗,暗
照,照
跨,跨
跳,跳
跪,跪
路,路
跟,跟
遣,遣
蛾,蛾
蜂,蜂
嗓,嗓
置,置
罪,罪
罩,罩
错,錯
锡,錫
锣,鑼
锤,錘
锦,錦
键,鍵
锯,鋸
矮,矮
辞,辭
稠,稠
愁,愁
筹,籌
签,簽
简,簡
毁,毀
舅,舅
鼠,鼠
催,催
傻,傻
像,像
躲,躲
微,微
愈,愈
遥,遙
腰,腰
腥,腥
腹,腹
腾,騰
腿,腿
触,觸
解,解
酱,醬
痰,痰
廉,廉
新,新
韵,韻
意,意
粮,糧
数,數
煎,煎
塑,塑
慈,慈
煤,煤
煌,煌
满,滿
漠,漠
源,源
滤,濾
滥,濫
滔,滔
溪,溪
溜,溜
滚,滾
滨,濱
粱,粱
滩,灘
慎,慎
誉,譽
塞,塞
谨,謹
福,福
群,群
殿,殿
辟,辟
障,障
嫌,嫌
嫁,嫁
叠,叠
缝,縫
缠,纏
静,靜
碧,碧
璃,璃
墙,墻
撇,撇
嘉,嘉
摧,摧
截,截
誓,誓
境,境
摘,摘
摔,摔
聚,聚
蔽,蔽
慕,慕
暮,暮
蔑,蔑
模,模
榴,榴
榜,榜
榨,榨
歌,歌
遭,遭
酷,酷
酿,釀
酸,酸
磁,磁
愿,願
需,需
弊,弊
裳,裳
颗,顆
嗽,嗽
蜻,蜻
蜡,蠟
蝇,蠅
蜘,蜘
赚,賺
锹,鍬
锻,鍛
舞,舞
稳,穩
算,算
箩,籮
管,管
僚,僚
鼻,鼻
魄,魄
貌,貌
膜,膜
膊,膊
膀,膀
鲜,鮮
疑,疑
馒,饅
裹,裹
敲,敲
豪,豪
膏,膏
遮,遮
腐,腐
瘦,瘦
辣,辣
竭,竭
端,端
旗,旗
精,精
歉,歉
熄,熄
熔,熔
漆,漆
漂,漂
漫,漫
滴,滴
演,演
漏,漏
慢,慢
寨,寨
赛,賽
察,察
蜜,蜜
谱,譜
嫩,嫩
翠,翠
熊,熊
凳,凳
骡,騾
缩,縮
慧,慧
撕,撕
撒,撒
趣,趣
趟,趟
撑,撐
播,播
撞,撞
撤,撤
增,增
聪,聰
鞋,鞋
蕉,蕉
蔬,蔬
横,橫
槽,槽
樱,櫻
橡,橡
飘,飄
醋,醋
醉,醉
震,震
霉,黴
瞒,瞞
题,題
暴,暴
瞎,瞎
影,影
踢,踢
踏,踏
踩,踩
踪,蹤
蝶,蝶
蝴,蝴
嘱,囑
墨,墨
镇,鎮
靠,靠
稻,稻
黎,黎
稿,稿
稼,稼
箱,箱
箭,箭
篇,篇
僵,僵
躺,躺
僻,僻
德,德
艘,艘
膝,膝
膛,膛
熟,熟
摩,摩
颜,顏
毅,毅
糊,糊
遵,遵
潜,潛
潮,潮
懂,懂
额,額
慰,慰
劈,劈
操,操
燕,燕
薯,薯
薪,薪
薄,薄
颠,顛
橘,橘
整,整
融,融
醒,醒
餐,餐
嘴,嘴
蹄,蹄
器,器
赠,贈
默,默
镜,鏡
赞,贊
篮,籃
邀,邀
衡,衡
膨,膨
雕,雕
磨,磨
凝,凝
辨,辨
辩,辯
糖,糖
糕,糕
燃,燃
澡,澡
激,激
懒,懶
壁,壁
避,避
缴,繳
戴,戴
擦,擦
鞠,鞠
藏,藏
霜,霜
霞,霞
瞧,瞧
蹈,蹈
螺,螺
穗,穗
繁,繁
辫,辮
赢,贏
糟,糟
糠,糠
燥,燥
臂,臂
翼,翼
骤,驟
鞭,鞭
覆,覆
蹦,蹦
镰,鐮
翻,翻
鹰,鷹
警,警
攀,攀
蹲,蹲
颤,顫
瓣,瓣
爆,爆
疆,疆
壤,壤
耀,耀
躁,躁
嚼,嚼
嚷,嚷
籍,籍
魔,魔
灌,灌
蠢,蠢
霸,霸
露,露
囊,囊
罐,罐
,
,
,
,
,
匕,匕
刁,刁
丐,丐
歹,歹
戈,戈
夭,夭
仑,侖
讥,譏
冗,冗
邓,鄧
艾,艾
夯,夯
凸,凸
卢,盧
叭,叭
叽,嘰
皿,皿
凹,凹
囚,囚
矢,矢
乍,乍
尔,爾
冯,馮
玄,玄
邦,邦
迂,迂
邢,邢
芋,芋
芍,芍
吏,吏
夷,夷
吁,籲
吕,呂
吆,吆
屹,屹
廷,廷
迄,迄
臼,臼
仲,仲
伦,倫
伊,伊
肋,肋
旭,旭
匈,匈
凫,鳧
妆,妝
亥,亥
汛,汛
讳,諱
讶,訝
讹,訛
讼,訟
诀,訣
弛,弛
阱,阱
驮,馱
驯,馴
纫,紉
玖,玖
玛,瑪
韧,韌
抠,摳
扼,扼
汞,汞
扳,扳
抡,掄
坎,坎
坞,塢
抑,抑
拟,擬
抒,抒
芙,芙
芜,蕪
苇,葦
芥,芥
芯,芯
芭,芭
杖,杖
杉,杉
巫,巫
杈,杈
甫,甫
匣,匣
轩,軒
卤,鹵
肖,肖
吱,吱
吠,吠
呕,嘔
呐,吶
吟,吟
呛,嗆
吻,吻
吭,吭
邑,邑
囤,囤
吮,吮
岖,嶇
牡,牡
佑,佑
佃,佃
伺,伺
囱,囪
肛,肛
肘,肘
甸,甸
狈,狽
鸠,鳩
彤,彤
灸,灸
刨,刨
庇,庇
吝,吝
庐,廬
闰,閏
兑,兌
灼,灼
沐,沐
沛,沛
汰,汰
沥,瀝
沦,淪
汹,洶
沧,滄
沪,滬
忱,忱
诅,詛
诈,詐
罕,罕
屁,屁
坠,墜
妓,妓
姊,姊
妒,妒
纬,緯
玫,玫
卦,卦
坷,坷
坯,坯
拓,拓
坪,坪
坤,坤
拄,拄
拧,擰
拂,拂
拙,拙
拇,拇
拗,拗
茉,茉
昔,昔
苛,苛
苫,苫
苟,茍
苞,苞
茁,茁
苔,苔
枉,枉
枢,樞
枚,枚
枫,楓
杭,杭
郁,郁
矾,礬
奈,奈
奄,奄
殴,毆
歧,歧
卓,卓
昙,曇
哎,哎
咕,咕
呵,呵
咙,嚨
呻,呻
咒,咒
咆,咆
咖,咖
帕,帕
账,賬
贬,貶
贮,貯
氛,氛
秉,秉
岳,嶽
侠,俠
侥,僥
侣,侶
侈,侈
卑,卑
刽,劊
刹,剎
肴,肴
觅,覓
忿,忿
瓮,甕
肮,骯
肪,肪
狞,獰
庞,龐
疟,瘧
疙,疙
疚,疚
卒,卒
氓,氓
炬,炬
沽,沽
沮,沮
泣,泣
泞,濘
泌,泌
沼,沼
怔,怔
怯,怯
宠,寵
宛,宛
衩,衩
祈,祈
诡,詭
帚,帚
屉,屜
弧,弧
弥,彌
陋,陋
陌,陌
函,函
姆,姆
虱,虱
叁,叁
绅,紳
驹,駒
绊,絆
绎,繹
契,契
贰,貳
玷,玷
玲,玲
珊,珊
拭,拭
拷,拷
拱,拱
挟,挾
垢,垢
垛,垛
拯,拯
荆,荊
茸,茸
茬,茬
荚,莢
茵,茵
茴,茴
荞,蕎
荠,薺
荤,葷
荧,熒
荔,荔
栈,棧
柑,柑
栅,柵
柠,檸
枷,枷
勃,勃
柬,柬
砂,砂
泵,泵
砚,硯
鸥,鷗
轴,軸
韭,韭
虐,虐
昧,昧
盹,盹
咧,咧
昵,昵
昭,昭
盅,盅
勋,勛
哆,哆
咪,咪
哟,喲
幽,幽
钙,鈣
钝,鈍
钠,鈉
钦,欽
钧,鈞
钮,鈕
毡,氈
氢,氫
秕,秕
俏,俏
俄,俄
俐,俐
侯,侯
徊,徊
衍,衍
胚,胚
胧,朧
胎,胎
狰,猙
饵,餌
峦,巒
奕,奕
咨,咨
飒,颯
闺,閨
闽,閩
籽,籽
娄,婁
烁,爍
炫,炫
洼,窪
柒,柒
涎,涎
洛,洛
恃,恃
恍,恍
恬,恬
恤,恤
宦,宦
诫,誡
诬,誣
祠,祠
诲,誨
屏,屏
屎,屎
逊,遜
陨,隕
姚,姚
娜,娜
蚤,蚤
骇,駭
耘,耘
耙,耙
秦,秦
匿,匿
埂,埂
捂,捂
捍,捍
袁,袁
捌,捌
挫,挫
挚,摯
捣,搗
捅,捅
埃,埃
耿,耿
聂,聶
荸,荸
莽,莽
莱,萊
莉,莉
莹,瑩
莺,鶯
梆,梆
栖,棲
桦,樺
栓,栓
桅,桅
桩,樁
贾,賈
酌,酌
砸,砸
砰,砰
砾,礫
殉,殉
逞,逞
哮,哮
唠,嘮
哺,哺
剔,剔
蚌,蚌
蚜,蚜
畔,畔
蚣,蚣
蚪,蚪
蚓,蚓
哩,哩
圃,圃
鸯,鴦
唁,唁
哼,哼
唆,唆
峭,峭
唧,唧
峻,峻
赂,賂
赃,贓
钾,鉀
铆,鉚
氨,氨
秫,秫
笆,笆
俺,俺
赁,賃
倔,倔
殷,殷
耸,聳
舀,舀
豺,豺
豹,豹
颁,頒
胯,胯
胰,胰
脐,臍
脓,膿
逛,逛
卿,卿
鸵,鴕
鸳,鴛
馁,餒
凌,淩
凄,淒
衷,衷
郭,郭
斋,齋
疹,疹
紊,紊
瓷,瓷
羔,羔
烙,烙
浦,浦
涡,渦
涣,渙
涤,滌
涧,澗
涕,涕
涩,澀
悍,悍
悯,憫
窍,竅
诺,諾
诽,誹
袒,袒
谆,諄
祟,祟
恕,恕
娩,娩
骏,駿
琐,瑣
麸,麩
琉,琉
琅,瑯
措,措
捺,捺
捶,捶
赦,赦
埠,埠
捻,撚
掐,掐
掂,掂
掖,掖
掷,擲
掸,撣
掺,摻
勘,勘
聊,聊
娶,娶
菱,菱
菲,菲
萎,萎
菩,菩
萤,螢
乾,乾
萧,蕭
萨,薩
菇,菇
彬,彬
梗,梗
梧,梧
梭,梭
曹,曹
酝,醞
酗,酗
厢,廂
硅,矽
硕,碩
奢,奢
盔,盔
匾,匾
颅,顱
彪,彪
眶,眶
晤,晤
曼,曼
晦,晦
冕,冕
啡,啡
畦,畦
趾,趾
啃,啃
蛆,蛆
蚯,蚯
蛉,蛉
蛀,蛀
唬,唬
啰,啰
唾,唾
啤,啤
啥,啥
啸,嘯
崎,崎
逻,邏
崔,崔
崩,崩
婴,嬰
赊,賒
铐,銬
铛,鐺
铝,鋁
铡,鍘
铣,銑
铭,銘
矫,矯
秸,稭
秽,穢
笙,笙
笤,笤
偎,偎
傀,傀
躯,軀
兜,兜
衅,釁
徘,徘
徙,徙
舶,舶
舷,舷
舵,舵
敛,斂
翎,翎
脯,脯
逸,逸
凰,凰
猖,猖
祭,祭
烹,烹
庶,庶
庵,庵
痊,痊
阎,閻
阐,闡
眷,眷
焊,焊
焕,煥
鸿,鴻
涯,涯
淑,淑
淌,淌
淮,淮
淆,淆
渊,淵
淫,淫
淳,淳
淤,淤
淀,澱
涮,涮
涵,涵
惦,惦
悴,悴
惋,惋
寂,寂
窒,窒
谍,諜
谐,諧
裆,襠
袱,袱
祷,禱
谒,謁
谓,謂
谚,諺
尉,尉
堕,墮
隅,隅
婉,婉
颇,頗
绰,綽
绷,繃
综,綜
绽,綻
缀,綴
巢,巢
琳,琳
琢,琢
琼,瓊
揍,揍
堰,堰
揩,揩
揽,攬
揖,揖
彭,彭
揣,揣
搀,攙
搓,搓
壹,壹
搔,搔
葫,葫
募,募
蒋,蔣
蒂,蒂
韩,韓
棱,棱
椰,椰
焚,焚
椎,椎
棺,棺
榔,榔
椭,橢
粟,粟
棘,棘
酣,酣
酥,酥
硝,硝
硫,硫
颊,頰
雳,靂
翘,翹
凿,鑿
棠,棠
晰,晰
鼎,鼎
喳,喳
遏,遏
晾,晾
畴,疇
跋,跋
跛,跛
蛔,蛔
蜒,蜒
蛤,蛤
鹃,鵑
喻,喻
啼,啼
喧,喧
嵌,嵌
赋,賦
赎,贖
赐,賜
锉,銼
锌,鋅
甥,甥
掰,掰
氮,氮
氯,氯
黍,黍
筏,筏
牍,牘
粤,粵
逾,逾
腌,腌
腋,腋
腕,腕
猩,猩
猬,猬
惫,憊
敦,敦
痘,痘
痢,痢
痪,瘓
竣,竣
翔,翔
奠,奠
遂,遂
焙,焙
滞,滯
湘,湘
渤,渤
渺,渺
溃,潰
溅,濺
湃,湃
愕,愕
惶,惶
寓,寓
窖,窖
窘,窘
雇,雇
谤,謗
犀,犀
隘,隘
媒,媒
媚,媚
婿,婿
缅,緬
缆,纜
缔,締
缕,縷
骚,騷
瑟,瑟
鹉,鵡
瑰,瑰
搪,搪
聘,聘
斟,斟
靴,靴
靶,靶
蓖,蓖
蒿,蒿
蒲,蒲
蓉,蓉
楔,楔
椿,椿
楷,楷
榄,欖
楞,楞
楣,楣
酪,酪
碘,碘
硼,硼
碉,碉
辐,輻
辑,輯
频,頻
睹,睹
睦,睦
瞄,瞄
嗜,嗜
嗦,嗦
暇,暇
畸,畸
跷,蹺
跺,跺
蜈,蜈
蜗,蝸
蜕,蛻
蛹,蛹
嗅,嗅
嗡,嗡
嗤,嗤
署,署
蜀,蜀
幌,幌
锚,錨
锥,錐
锨,鍁
锭,錠
锰,錳
稚,稚
颓,頹
筷,筷
魁,魁
衙,衙
腻,膩
腮,腮
腺,腺
鹏,鵬
肄,肄
猿,猿
颖,穎
煞,煞
雏,雛
馍,饃
馏,餾
禀,稟
痹,痹
廓,廓
痴,癡
靖,靖
誊,謄
漓,漓
溢,溢
溯,溯
溶,溶
滓,滓
溺,溺
寞,寞
窥,窺
窟,窟
寝,寢
褂,褂
裸,裸
谬,謬
媳,媳
嫉,嫉
缚,縛
缤,繽
剿,剿
赘,贅
熬,熬
赫,赫
蔫,蔫
摹,摹
蔓,蔓
蔗,蔗
蔼,藹
熙,熙
蔚,蔚
兢,兢
榛,榛
榕,榕
酵,酵
碟,碟
碴,碴
碱,堿
碳,碳
辕,轅
辖,轄
雌,雌
墅,墅
嘁,嘁
踊,踴
蝉,蟬
嘀,嘀
幔,幔
镀,鍍
舔,舔
熏,熏
箍,箍
箕,箕
箫,簫
舆,輿
僧,僧
孵,孵
瘩,瘩
瘟,瘟
彰,彰
粹,粹
漱,漱
漩,漩
漾,漾
慷,慷
寡,寡
寥,寥
谭,譚
褐,褐
褪,褪
隧,隧
嫡,嫡
缨,纓
撵,攆
撩,撩
撮,撮
撬,撬
擒,擒
墩,墩
撰,撰
鞍,鞍
蕊,蕊
蕴,蘊
樊,樊
樟,樟
橄,橄
敷,敷
豌,豌
醇,醇
磕,磕
磅,磅
碾,碾
憋,憋
嘶,嘶
嘲,嘲
嘹,嘹
蝠,蝠
蝎,蠍
蝌,蝌
蝗,蝗
蝙,蝙
嘿,嘿
幢,幢
镊,鑷
镐,鎬
稽,稽
篓,簍
膘,膘
鲤,鯉
鲫,鯽
褒,褒
瘪,癟
瘤,瘤
瘫,癱
凛,凜
澎,澎
潭,潭
潦,潦
澳,澳
潘,潘
澈,澈
澜,瀾
澄,澄
憔,憔
懊,懊
憎,憎
翩,翩
褥,褥
谴,譴
鹤,鶴
憨,憨
履,履
嬉,嬉
豫,豫
缭,繚
撼,撼
擂,擂
擅,擅
蕾,蕾
薛,薛
薇,薇
擎,擎
翰,翰
噩,噩
橱,櫥
橙,橙
瓢,瓢
蟥,蟥
霍,霍
霎,霎
辙,轍
冀,冀
踱,踱
蹂,蹂
蟆,蟆
螃,螃
螟,螟
噪,噪
鹦,鸚
黔,黔
穆,穆
篡,篡
篷,篷
篙,篙
篱,籬
儒,儒
膳,膳
鲸,鯨
瘾,癮
瘸,瘸
糙,糙
燎,燎
濒,瀕
憾,憾
懈,懈
窿,窿
缰,韁
壕,壕
藐,藐
檬,檬
檐,檐
檩,檁
檀,檀
礁,礁
磷,磷
瞭,瞭
瞬,瞬
瞳,瞳
瞪,瞪
曙,曙
蹋,蹋
蟋,蟋
蟀,蟀
嚎,嚎
赡,贍
镣,鐐
魏,魏
簇,簇
儡,儡
徽,徽
爵,爵
朦,朦
臊,臊
鳄,鱷
糜,糜
癌,癌
懦,懦
豁,豁
臀,臀
藕,藕
藤,藤
瞻,瞻
嚣,囂
鳍,鰭
癞,癩
瀑,瀑
襟,襟
璧,璧
戳,戳
攒,攢
孽,孽
蘑,蘑
藻,藻
鳖,鱉
蹭,蹭
蹬,蹬
簸,簸
簿,簿
蟹,蟹
靡,靡
癣,癬
羹,羹
鬓,鬢
攘,攘
蠕,蠕
巍,巍
鳞,鱗
糯,糯
譬,譬
霹,霹
躏,躪
髓,髓
蘸,蘸
镶,鑲
瓤,瓤
矗,矗